is_cursed,cycle,at_risk,ended,hazard,survival
False,1,146005,33971,0.2326701140371905,0.7673298859628095
False,2,111066,20435,0.18398969981812616,0.6261490905830351
False,3,89866,13924,0.154941802238889,0.5291324220178584
False,4,75276,10584,0.1406025824964132,0.4547350369995655
False,5,64131,7350,0.1146091593769004,0.4026182366698216
False,6,55175,6861,0.12434979610330765,0.35255274103245604
False,7,46696,5257,0.1125792359088573,0.3128626228294489
False,8,39861,4502,0.1129424751009759,0.27752714384050786
False,9,34177,3400,0.09948210785030868,0.24991815858557834
False,10,29900,2995,0.10016722408026756,0.22488455039280886
True,1,21152,7129,0.33703668683812404,0.662963313161876
True,2,13144,3795,0.28872489348752284,0.4715493011830781
True,3,8664,2084,0.24053554939981533,0.3581249309539074
True,4,6138,1438,0.23427826653633105,0.27422404292658276
True,5,4368,828,0.18956043956043955,0.2222420128113789
True,6,3339,727,0.2177298592392932,0.17385329064490018
True,7,2414,397,0.16445733222866613,0.14526184226626498
True,8,1903,343,0.18024172359432475,0.11907959744370644
True,9,1479,248,0.16768086544962812,0.09911222748695242
True,10,1191,204,0.1712846347607053,0.08213582580152984
